{
	"byswin": {
	  "sounds": [
		"murderpack:musik/bystanderwin"
	  ]
	},
  
	"music.silenthill" : {
	  "sounds": [
		  {
			  "name": "murderpack:musik/silent-hill",
			  "stream": true
		  }
	  ]
	},
  
	"music.echoes" : {
	  "sounds": [
		  {
			  "name": "murderpack:musik/echoes-of-time",
			  "stream": true
		  }
	  ]
	},
  
	"music.haunted" : {
	  "sounds": [
		  {
			  "name": "murderpack:musik/haunted",
			  "stream": true
		  }
	  ]
	},
  
	"music.horror" : {
	  "sounds": [
		  {
			  "name": "murderpack:musik/horror-musik",
			  "stream": true
		  }
	  ]
	}
  }