{
  "byswin": {
	"sounds": [
	  "murderpack:musik/bystanderwin"
	]
  },

  "music.silenthill" : {
	"sounds": [
		{
			"name": "murderpack:musik/silentHill",
			"stream": true
		}
	]
  },

  "music.echoes" : {
	"sounds": [
		{
			"name": "murderpack:musik/echoesOfTime",
			"stream": true
		}
	]
  },

  "music.haunted" : {
	"sounds": [
		{
			"name": "murderpack:musik/haunted",
			"stream": true
		}
	]
  },

  "music.horror" : {
	"sounds": [
		{
			"name": "murderpack:musik/horrorMusik",
			"stream": true
		}
	]
  }
}